{
  "toggle_mod": true,
  "animation_speed": 500,
  "curve_points": [
    [
      0.384729,
      0.3025589
    ],
    [
      0.6297119,
      0.8189372
    ]
  ]
}